request_id,workflow,start_time,end_time,response_time,job_id,status,cold_start
warmup-2,tg_workflow,1776226616.97862,1776226617.0004,0.021780014038085938,f915f82b-90de-4a11-a130-f5631c6ad1a0,200,True
warmup-3,qr_workflow,1776226617.0289571,1776226617.047022,0.01806497573852539,e44d2b11-33be-4d0b-bba2-4691b6df66e8,200,True
warmup-5,tg_workflow,1776226617.14667,1776226617.157364,0.010693788528442383,9c708443-43f1-473e-8894-9c458ca44ae7,200,False
warmup-6,fd_workflow,1776226617.2049258,1776226617.8360407,0.6311149597167969,af8e2d8a-e3d0-4b8d-9e95-563a555dfbda,200,True
warmup-9,fd_workflow,1776226617.3984115,1776226618.3346698,0.9362583160400391,18c070a4-1618-4d5b-9019-0c2036af37f4,200,False
3,qr_workflow,1776226618.541969,1776226618.5784204,0.03645133972167969,6705dfdf-4078-4886-94e4-657c2af9c8f0,200,False
0,fd_workflow,1776226617.4495592,1776226619.025599,1.5760397911071777,cd53af50-2b2a-4b6c-8686-2d513d2d884a,200,False
6,tg_workflow,1776226619.2561808,1776226619.3824828,0.12630200386047363,57314168-cbf3-44bd-989c-8cb740cf7bc1,200,False
4,fd_workflow,1776226619.1223476,1776226619.9384737,0.8161261081695557,1a91008c-d0ae-4636-a6c1-ca26381f1375,200,False
1,iot_workflow,1776226617.6418338,1776226620.4625106,2.820676803588867,397462ca-4f0d-4db4-8af3-7d183fdf8287,200,True
5,fd_workflow,1776226619.1910405,1776226620.50597,1.314929485321045,d57cf65a-968a-4a7f-8afe-2c3a0bd7ba06,200,False
7,iot_workflow,1776226619.799644,1776226621.350675,1.5510311126708984,33ca987c-914e-463a-aaba-16805e02245f,200,False
8,mc_workflow,1776226621.2760792,1776226621.4021854,0.12610626220703125,aba1c4fc-a139-4b58-93aa-610fae236130,200,True
10,sec_workflow,1776226621.4905941,1776226621.9586916,0.468097448348999,43976aa9-076f-4808-b7e2-1d7f378f875e,200,True
11,iot_workflow,1776226621.6038465,1776226622.0045006,0.4006540775299072,2dc9ddb4-90ac-4d55-bcbc-ded2ba13996e,200,False
warmup-1,etl_workflow,1776226616.9336655,1776226623.2421014,6.308435916900635,bebc2f1b-8df0-4c90-8074-257f4f18cbf5,200,True
14,qr_workflow,1776226624.8271942,1776226624.837954,0.010759830474853516,b877ea89-9e82-46fc-9f68-9299dc8c3116,200,False
15,tg_workflow,1776226625.1866255,1776226625.1959093,0.009283781051635742,4b783a4d-17fc-4c0b-86d0-c7e2e1cc4d3d,200,False
warmup-4,etl_workflow,1776226617.1077738,1776226625.6420357,8.53426194190979,8889cc24-e732-42e4-a4a3-96f88eb02d29,200,False
19,sec_workflow,1776226626.2489545,1776226626.6425657,0.39361119270324707,7e27d17b-d3bb-4c99-901c-3b5918153ee3,200,False
warmup-8,etl_workflow,1776226617.3318176,1776226627.4383082,10.10649061203003,0d5ec2f2-efd9-4606-b835-be15e591e869,200,False
17,fd_workflow,1776226625.8678963,1776226627.9813712,2.1134748458862305,9b6f28ec-82c1-42ff-9d6b-a01f0595cb42,200,False
21,fd_workflow,1776226627.7733307,1776226628.3352478,0.5619170665740967,13a35724-70fd-4165-a258-6474b3ce51a2,200,False
13,etl_workflow,1776226623.4781544,1776226628.386436,4.908281564712524,cb5f9524-8263-4d44-9e54-1a0b3f1a4dd4,200,False
22,fd_workflow,1776226627.9598973,1776226629.2854984,1.3256011009216309,5440c75d-a3ba-47c1-b289-a83258b96b07,200,False
23,fd_workflow,1776226628.1776586,1776226630.0142534,1.836594820022583,79209470-a622-4b75-8e3f-a9f58288a768,200,False
16,etl_workflow,1776226625.582162,1776226631.2504404,5.668278455734253,4dfb601d-b7a2-4352-9671-deed033b0a0a,200,False
18,etl_workflow,1776226626.1863227,1776226631.6630669,5.476744174957275,ba6f97cf-ae68-43e9-aa46-8c4994671a53,200,False
12,ocr_workflow,1776226621.7970612,1776226634.6792245,12.882163286209106,38c24207-3084-42f9-84bf-9d9e06eca75f,200,False
25,iot_workflow,1776226634.4817493,1776226635.0370755,0.5553262233734131,4d8b9f02-a838-4d42-a9da-0e75aff1f5c8,200,False
24,iot_workflow,1776226634.3605218,1776226635.465527,1.1050052642822266,6a2f7a64-3549-4e70-8fc2-608362d4c724,200,False
warmup-0,ecom_workflow,1776226616.8518076,1776226635.5872583,18.735450744628906,ca00d952-62d6-4353-b8ff-534872a2056b,200,True
20,ecom_workflow,1776226626.620756,1776226635.8925874,9.271831512451172,27cc94aa-b793-4c8c-a137-9b7c335bd3ad,200,False
9,ecom_workflow,1776226621.434809,1776226637.8630579,16.4282488822937,b392382b-d564-48f4-821c-7de73cba44ef,200,False
27,mc_workflow,1776226638.4134328,1776226638.449727,0.03629422187805176,e4635f73-4036-45e2-9890-369e52d6ad06,200,False
29,qr_workflow,1776226640.0510666,1776226640.0836523,0.03258562088012695,3f0cd098-8379-422a-b046-d0ece6ec737d,200,False
28,fd_workflow,1776226639.8776436,1776226640.2760966,0.3984529972076416,efe3f4b2-97b2-4f52-be36-1b9865d5ee53,200,False
26,ecom_workflow,1776226637.9596224,1776226640.3028226,2.343200206756592,6e94db71-1074-4ee6-84dd-8d2e062b16be,200,False
warmup-7,ocr_workflow,1776226617.249957,1776226642.0249736,24.77501654624939,becdefe0-ccb5-42cb-9b8a-418632fce978,200,True
30,ocr_workflow,1776226641.3399298,1776226642.092019,0.752089262008667,58d36650-6084-4ed7-b1a4-b204ccdd5a28,200,False
31,ocr_workflow,1776226644.081645,1776226644.8984923,0.8168473243713379,a60b862b-f1a0-4d95-a6a4-2d1043c83633,200,False
2,ocr_workflow,1776226618.440897,1776226646.2594995,27.818602561950684,1229cb6b-0715-4d45-8129-d41092c9bd79,200,False
32,ecom_workflow,1776226644.276421,1776226646.5851138,2.308692693710327,00b55328-a4fc-49b1-955e-d47ece3d6147,200,False
33,ecom_workflow,1776226644.8154068,1776226647.1583657,2.342958927154541,8d0b9267-4e55-4bf9-9d59-6d159aa07162,200,False
34,etl_workflow,1776226648.111643,1776226648.9966202,0.8849771022796631,d136fdd1-7e0f-4f3d-ab62-22b811913b3e,200,False
35,fd_workflow,1776226648.9959455,1776226649.3005135,0.3045680522918701,460791bb-988b-4d87-8875-1f6ba22d48f3,200,False
36,tg_workflow,1776226649.694172,1776226649.9309878,0.2368159294128418,a64d73c1-95c3-49bc-a49e-cf07c6e000c9,200,False
37,tg_workflow,1776226650.4638808,1776226650.4828372,0.018956422805786133,2d00f169-7ca5-4637-b368-fe883cabc1da,200,False
40,img_workflow,1776226653.7476861,1776226653.8789668,0.13128066062927246,37a357ea-faac-4ef2-b664-7481289290b3,200,True
41,ocr_workflow,1776226654.7680554,1776226655.5850828,0.8170273303985596,7c5e48a4-98c9-484a-9ee5-9fa8a5737557,200,False
38,etl_workflow,1776226652.4263978,1776226656.1222613,3.6958634853363037,53e99707-99c8-47da-b952-7b85636a0d15,200,False
43,mc_workflow,1776226656.106531,1776226656.417789,0.31125807762145996,43f2dfcc-95e2-4e02-9077-db365145ac2e,200,False
44,tg_workflow,1776226656.4907875,1776226656.5031319,0.0123443603515625,eeecf864-46dd-417e-aa43-f643ba6c3934,200,False
45,img_workflow,1776226657.683171,1776226657.8159864,0.13281536102294922,60207517-7074-41ba-bf0a-4a0b20dba35a,200,False
39,log_workflow,1776226653.336975,1776226658.1070008,4.770025730133057,12ccaf69-d03e-4743-995a-9d6eb8218977,200,True
46,fd_workflow,1776226658.5180194,1776226659.2609353,0.7429158687591553,c8e1c1d6-2cdc-4be9-8adc-bf43084548d6,200,False
48,qr_workflow,1776226659.938751,1776226659.9669433,0.02819228172302246,0a58b8e1-3623-454f-b07c-45fe43ee866a,200,False
49,fd_workflow,1776226660.9461381,1776226661.5730255,0.626887321472168,030777bb-8aad-4abb-aaf8-eaac6dc961e0,200,False
47,ecom_workflow,1776226659.4250839,1776226661.8059776,2.3808937072753906,f0b91137-a114-4638-87b1-069d38be40f3,200,False
50,iot_workflow,1776226661.4595387,1776226662.439015,0.9794762134552002,e474b231-beae-41b2-b0cf-bb3ce372f8c4,200,False
51,sec_workflow,1776226662.1657,1776226662.5525932,0.38689327239990234,80b81644-9a03-4f55-ab19-350df3ca1ae2,200,True
53,img_workflow,1776226664.7108333,1776226664.8384924,0.12765908241271973,c549788f-dba7-4193-a01f-2ef824a57ffc,200,False
52,ocr_workflow,1776226664.3688147,1776226665.1215496,0.752734899520874,46c8d8d6-9c1e-4a1f-9482-6dcdf6879d90,200,False
54,tg_workflow,1776226667.4209528,1776226667.4359317,0.014978885650634766,5ae5c774-643e-405d-afa3-eeb2d1fca871,200,False
56,tg_workflow,1776226668.166529,1776226668.1893713,0.0228424072265625,b84317a5-008e-4b90-bae8-4077aa914d92,200,False
55,fd_workflow,1776226668.1263118,1776226668.921462,0.7951502799987793,5d6aa5c9-deaa-4bf5-9f2d-30fe3efff356,200,False
42,ocr_workflow,1776226655.2744858,1776226669.3363807,14.06189489364624,b1db81a0-fc80-4238-bbc5-d48531e44671,200,False
59,fd_workflow,1776226668.4400532,1776226669.3606696,0.9206163883209229,ff2cd1a0-8758-4aae-9226-0391cc22fc4e,200,False
60,sec_workflow,1776226668.964035,1776226669.4205804,0.456545352935791,2fc2575e-a088-4037-9ea8-38922d9e3bea,200,False
58,log_workflow,1776226668.3981514,1776226670.682038,2.283886671066284,4dfd0b88-96c5-4607-9212-97729391737f,200,False
61,ocr_workflow,1776226670.0864947,1776226670.857001,0.7705063819885254,1448e0d5-5d3f-4bad-965e-db28093b0d69,200,False
57,etl_workflow,1776226668.332975,1776226672.6028242,4.2698493003845215,f606ac17-10f6-480b-ac67-362854aed840,200,False
64,iot_workflow,1776226673.1165068,1776226673.5884902,0.4719834327697754,656e20de-f076-4b9d-8033-6f733d4c2bf9,200,False
62,iot_workflow,1776226671.890138,1776226673.6971009,1.8069629669189453,ee71197f-e23e-44df-b13a-c3ad033efee5,200,False
63,ecom_workflow,1776226672.1101396,1776226674.4392245,2.329084873199463,349bcecb-32c1-49f6-aca3-aed0c761f85b,200,False
66,fd_workflow,1776226674.3891358,1776226674.6886415,0.29950571060180664,901d2063-abd7-4d69-bb1c-c4670b859572,200,False
68,mc_workflow,1776226675.2303004,1776226675.3491383,0.11883783340454102,79883cbb-a5a3-4ebe-b42c-abc139fc2b15,200,False
67,img_workflow,1776226675.1950731,1776226675.409178,0.21410489082336426,6196c249-3ba7-48b5-9be3-ec65c15c5790,200,False
65,ecom_workflow,1776226673.5093389,1776226675.8976362,2.3882973194122314,53c8d32a-2991-4e81-935a-649e9ffda74f,200,False
69,sec_workflow,1776226676.1831152,1776226676.4993238,0.3162086009979248,8c8b0452-14ff-47f2-96e8-08683a5922fe,200,False
70,sec_workflow,1776226677.4241967,1776226677.6300333,0.20583653450012207,2c2c6e08-1e10-4562-ac29-6e12025b6a31,200,False
74,fd_workflow,1776226678.8228755,1776226679.131231,0.30835556983947754,f4432fbc-de03-4bcf-8248-b374eecb46a4,200,False
71,iot_workflow,1776226677.5012016,1776226679.1744938,1.6732921600341797,4be83fcf-751b-4a25-836b-91ef81fc369e,200,False
72,ecom_workflow,1776226677.6660378,1776226680.0029542,2.336916446685791,b0146ab0-1328-4add-92d3-7562a0541a4b,200,False
78,mc_workflow,1776226680.4752038,1776226680.5391955,0.06399178504943848,784db458-228d-49b8-9fb6-bc019d62ac15,200,False
76,ocr_workflow,1776226679.8456714,1776226680.7588437,0.9131722450256348,853e49b4-0a43-4173-8160-37fa016bc49c,200,False
73,ecom_workflow,1776226678.6638339,1776226681.0014083,2.3375744819641113,3d56dc2c-d09a-40b4-90dd-7c36e8a505a6,200,False
77,fd_workflow,1776226680.2171113,1776226681.0211267,0.8040153980255127,e0180b53-8d02-4fc1-9399-1c25548831ef,200,False
79,sec_workflow,1776226680.601345,1776226681.0280287,0.4266836643218994,834acbfe-3a98-42b5-b2c0-9f8286a3e9f1,200,False
81,qr_workflow,1776226681.4030576,1776226681.4345677,0.031510114669799805,b91d6873-b8c8-4f89-9613-1370cada875e,200,False
82,qr_workflow,1776226681.5228493,1776226681.5459588,0.02310943603515625,3ea77915-ca41-490c-9bcd-39ae80232945,200,False
80,iot_workflow,1776226681.0297909,1776226681.7675154,0.7377245426177979,de07838d-81f2-4050-98e7-121dce56b70e,200,False
75,ecom_workflow,1776226679.4059606,1776226682.3055184,2.8995578289031982,30e8575a-fb4b-4a0b-bd62-2bf3024bbeac,200,False
84,sec_workflow,1776226682.8125029,1776226682.999451,0.18694806098937988,5f8157fb-ac18-407b-82ca-a7266aee9740,200,False
85,mc_workflow,1776226682.8969276,1776226683.0044112,0.1074836254119873,e9ab5aae-e0e9-481e-b97e-172fca48f1ae,200,False
86,tg_workflow,1776226683.4356606,1776226683.4540126,0.018352031707763672,716ea412-4083-431c-830d-aca39ba03bc6,200,False
83,etl_workflow,1776226682.0308542,1776226684.6178079,2.586953639984131,eb1a1bcf-13aa-4a31-a200-8293b90b9228,200,False
90,sec_workflow,1776226686.0394237,1776226686.1953118,0.15588808059692383,630c4e50-dcf6-487b-82bd-a751d86b744b,200,False
93,iot_workflow,1776226686.2988915,1776226686.961448,0.6625564098358154,794840b7-d29c-470d-b78f-3ce560e0bcfb,200,False
89,etl_workflow,1776226684.2799087,1776226687.423363,3.1434543132781982,326c0b03-f296-4011-8c2a-e54c6c4368bd,200,False
95,fd_workflow,1776226687.0874898,1776226687.4671166,0.3796267509460449,1435be91-478b-4a93-805c-9c32064af54d,200,False
96,fd_workflow,1776226687.464729,1776226687.818584,0.3538548946380615,63e61528-acb9-425f-9e45-2b112f49e6d8,200,False
87,etl_workflow,1776226683.821573,1776226687.8269696,4.005396604537964,55a33550-449f-4512-8547-78c1dbc3b8fc,200,False
92,ecom_workflow,1776226686.230107,1776226688.5223868,2.2922797203063965,330e315c-cac7-4896-85e4-e55206b4e31b,200,False
98,tg_workflow,1776226689.0036762,1776226689.0128999,0.009223699569702148,79de79f5-8b4c-4663-87ec-8c1601bfb492,200,False
97,ecom_workflow,1776226687.5878441,1776226689.8839638,2.2961196899414062,e9369f7e-d6e7-4be0-b71e-6bc307ba9867,200,False
88,etl_workflow,1776226683.88955,1776226689.9998581,6.1103081703186035,9fe3d30b-7184-4600-9969-822830394912,200,False
91,ocr_workflow,1776226686.2222645,1776226690.5003986,4.278134107589722,,502,False
94,etl_workflow,1776226686.8297226,1776226693.0323381,6.20261549949646,08e3e1d6-140d-49bc-96fd-79bbbee77038,200,False
100,tg_workflow,1776226694.50706,1776226694.7519429,0.24488282203674316,05ee8a50-3d76-4707-9056-958033cc4ff7,200,False
102,qr_workflow,1776226694.81856,1776226694.8452086,0.026648759841918945,27030032-d6bb-47f2-82db-de77c556abbf,200,False
103,fd_workflow,1776226696.004063,1776226696.3480766,0.34401369094848633,00b35f14-5b78-4530-87f6-05faab746453,200,False
104,sec_workflow,1776226697.9367273,1776226698.183476,0.246748685836792,f247cb28-aecb-4c2a-863d-18075fee2d6f,200,False
101,ocr_workflow,1776226694.7496245,1776226698.721175,3.971550464630127,,502,False
107,sec_workflow,1776226698.68574,1776226698.9643686,0.2786285877227783,732cff13-0694-4a1f-a50c-5df5259ec651,200,False
99,etl_workflow,1776226693.9491017,1776226699.1414685,5.1923668384552,db78aa51-c6b0-463d-843d-80351af21755,200,False
105,iot_workflow,1776226698.0134938,1776226700.208826,2.1953322887420654,28e42dca-6a5f-4194-9b71-1b44ad9a94fe,200,False
109,iot_workflow,1776226700.4214432,1776226701.5953422,1.1738989353179932,90aaff52-e28c-4507-8086-1937a750cfd4,200,False
106,ecom_workflow,1776226698.5023258,1776226702.4495115,3.947185754776001,50824bbb-c6fc-4b41-93c3-2eb6546e91d2,200,False
108,etl_workflow,1776226699.0313137,1776226703.6082542,4.576940536499023,75bbc3e7-41c3-40ec-9d64-ffd182b09a54,200,False
111,fd_workflow,1776226704.3740337,1776226704.700185,0.32615137100219727,6f625459-d93b-44a6-b4d9-1ba5c7cb5d66,200,False
110,ecom_workflow,1776226702.0098739,1776226704.7464185,2.736544609069824,1bdf8228-7b8d-466b-be42-0612f33484b5,200,False
113,mc_workflow,1776226711.5531564,1776226711.741454,0.18829751014709473,ace9d6cc-2fca-4bf1-94da-3eef53a21c26,200,False
114,img_workflow,1776226712.425582,1776226712.627414,0.20183205604553223,643c974e-54e7-4f54-b365-593e5fc2f371,200,True
115,fd_workflow,1776226712.4409888,1776226712.8370128,0.3960239887237549,d3aef548-4fc3-4b9a-bfc2-29dcbd71aecb,200,False
112,ecom_workflow,1776226710.7945356,1776226713.1142814,2.3197457790374756,59827ea7-3803-4adf-affd-5c9c3a356a91,200,False
117,iot_workflow,1776226715.2089262,1776226715.2660446,0.05711841583251953,a87baf2c-2620-4f22-a4b5-29391a794de5,200,False
118,fd_workflow,1776226716.2631977,1776226716.7016048,0.43840718269348145,c34892ec-761b-4f0c-bcf4-aefacbf47dc4,200,False
116,ecom_workflow,1776226714.6758947,1776226716.970565,2.294670343399048,f9ce1355-31d2-4f47-b769-3896ed5a07b1,200,False
119,qr_workflow,1776226719.2341354,1776226719.2490687,0.014933347702026367,e4ff0195-25d0-4674-bb44-384eb9a8a51e,200,False
120,sec_workflow,1776226719.483755,1776226719.6508582,0.16710305213928223,cc5addeb-1886-4181-a916-555d2ebf7195,200,False
121,tg_workflow,1776226720.7690287,1776226720.935789,0.16676044464111328,897998f5-30b2-4cdf-a41f-c869e7b3b7e1,200,False
122,ecom_workflow,1776226721.9294841,1776226724.2591093,2.329625129699707,f33f26be-b453-4371-a7d4-cfd0f3179a64,200,False
124,tg_workflow,1776226724.7643287,1776226724.790182,0.025853395462036133,9bda3ac6-fbff-4749-b83e-df8874a98530,200,False
127,fd_workflow,1776226726.215536,1776226726.678053,0.46251678466796875,a7c20fcc-222d-4c71-a732-6a6af18a83e7,200,False
128,img_workflow,1776226727.354499,1776226727.5747461,0.2202470302581787,d7e44277-de5d-4fb9-b622-0bb513e7c70b,200,False
123,log_workflow,1776226724.7055912,1776226727.825304,3.1197128295898438,8b263772-c683-41e5-b8be-57ce95a036c3,200,True
126,etl_workflow,1776226726.0180044,1776226727.9639812,1.945976734161377,7b5de16a-2ddb-4c6b-ba3c-cd90a50f874a,200,False
132,fd_workflow,1776226730.2058184,1776226730.5727792,0.3669607639312744,c892196a-95d4-4261-a96f-b49916216b8b,200,False
131,etl_workflow,1776226728.5955572,1776226731.5029905,2.907433271408081,a94eb6f0-147c-4b4a-a4d4-1b3038cc23de,200,False
129,ocr_workflow,1776226727.503643,1776226731.524908,4.021265029907227,,502,True
125,log_workflow,1776226725.263726,1776226732.8777697,7.614043712615967,02dbe226-187f-4506-a257-b18fba9853e1,200,False
133,fd_workflow,1776226732.9726448,1776226733.4451234,0.47247862815856934,7abf7851-46f6-408d-886f-8b35d0c28c04,200,False
134,sec_workflow,1776226733.2773747,1776226733.488333,0.21095824241638184,7c4846e4-4c37-40b3-bd58-a8bcd68ea343,200,False
135,mc_workflow,1776226734.0158336,1776226734.2437887,0.22795510292053223,d2e30ed7-039c-40f3-ae05-41ad0682d77e,200,False
136,fd_workflow,1776226734.1708856,1776226734.5840569,0.41317129135131836,1759d723-d61f-4e9a-8b7f-8c2afe81b4a3,200,False
130,etl_workflow,1776226728.523886,1776226734.7086616,6.1847755908966064,e98e1cc6-708c-485a-8079-cc9e642fa3b5,200,False
138,ocr_workflow,1776226736.0259042,1776226736.6736832,0.6477789878845215,,502,False
143,ocr_workflow,1776226737.2590666,1776226737.2701647,0.011098146438598633,,502,False
139,fd_workflow,1776226736.8917542,1776226737.410906,0.5191519260406494,e656f197-ee16-492e-94ed-f5c75b1cf46e,200,False
141,img_workflow,1776226737.0395217,1776226737.425225,0.38570332527160645,58fb635f-3f0d-489a-ad33-5f8e789c754f,200,False
140,mc_workflow,1776226736.9240441,1776226737.4537568,0.5297126770019531,9448dd1c-6892-4767-a677-b6789c65bf35,200,False
144,mc_workflow,1776226737.2750664,1776226737.6644473,0.38938093185424805,133e5527-4eb4-4b68-9703-af11690a5adc,200,False
137,log_workflow,1776226735.6102774,1776226737.6972878,2.087010383605957,fc7acfcd-c312-48dc-b895-760145575868,200,False
146,sec_workflow,1776226738.533674,1776226738.8181388,0.28446483612060547,75dbdfac-799a-42fb-9b01-f0cfcf5d9d5c,200,False
147,fd_workflow,1776226739.0100508,1776226739.554197,0.5441462993621826,a90eeb33-7c47-4371-ae76-ae9139afef2d,200,False
150,fd_workflow,1776226739.8576798,1776226740.1845667,0.3268868923187256,7a519e5a-63ca-45cb-92eb-0d9a08a7b4de,200,False
152,img_workflow,1776226740.334865,1776226740.4585273,0.12366223335266113,fb5bdab3-6f05-4574-9c83-a386fced304d,200,False
149,iot_workflow,1776226739.8392496,1776226741.0127363,1.1734867095947266,b3877427-13b8-4e48-be8a-c423dfd57a69,200,False
154,img_workflow,1776226741.118897,1776226741.2971687,0.17827177047729492,6542dd8d-e6e7-43b4-9cdc-f807ec466fdf,200,False
155,etl_workflow,1776226741.456827,1776226741.6490393,0.19221234321594238,c03ff82e-982d-4d76-9152-2bc267c56293,200,False
145,log_workflow,1776226737.7940216,1776226741.8867025,4.092680931091309,2376aa45-dbb6-4934-9806-403726009398,200,False
158,mc_workflow,1776226742.1562247,1776226742.3080873,0.15186262130737305,dbde9ce5-5a48-46eb-b1a7-df534d08d213,200,False
159,iot_workflow,1776226742.2909033,1776226742.6597512,0.3688478469848633,5472d252-9fbf-4c74-ae8c-9cb3d43d9dff,200,False
142,log_workflow,1776226737.1429808,1776226742.679953,5.536972284317017,2f4a8011-18c6-4298-b832-df83b2ff7655,200,False
163,qr_workflow,1776226742.9575074,1776226742.9755177,0.018010377883911133,ab0d5e6a-8a4b-4be0-bbb8-38fec787cefd,200,False
162,img_workflow,1776226742.831337,1776226742.9797685,0.14843153953552246,f5923931-dc84-4242-89cc-41db7a3107e0,200,False
164,tg_workflow,1776226743.1139305,1776226743.1303158,0.016385316848754883,c3e7a171-7f9e-4251-8ded-f14f9c37dab2,200,False
165,fd_workflow,1776226743.1363955,1776226743.5138893,0.37749385833740234,3499421b-bab7-45b8-aadf-4d12da1f4df9,200,False
151,ocr_workflow,1776226739.9848096,1776226743.6529496,3.668139934539795,,502,False
157,ocr_workflow,1776226741.8637028,1776226743.6538894,1.7901866436004639,,502,False
161,ocr_workflow,1776226742.8216264,1776226743.6550508,0.8334243297576904,,502,False
166,qr_workflow,1776226743.8607473,1776226743.8856857,0.024938344955444336,2798f5b3-f0f3-4965-b4f0-52f2b76ef671,200,False
167,img_workflow,1776226743.8769789,1776226744.0431786,0.1661996841430664,5e35551a-9220-426d-8739-480d8fd7e129,200,False
160,ecom_workflow,1776226742.7423296,1776226745.0783916,2.336061954498291,97181eca-232d-4970-9d07-5a7a91ead567,200,False
148,log_workflow,1776226739.1096728,1776226745.2823694,6.172696590423584,fc8fb91b-004d-4e5a-b49a-58aa9de65249,200,False
153,log_workflow,1776226740.6623063,1776226745.4399137,4.777607440948486,766482ac-e06a-4a60-b0da-5e30f925944f,200,False
156,etl_workflow,1776226741.547358,1776226745.8449705,4.297612428665161,d2f77109-0645-41e6-ae6b-251557aa2af6,200,False
170,qr_workflow,1776226746.1328573,1776226746.1693845,0.036527156829833984,3cc84212-8228-4c61-bb38-2448e9e120e4,200,False
168,ecom_workflow,1776226744.5051093,1776226746.7899673,2.284857988357544,fd448cb5-340c-4bfa-bd74-73f8461cf252,200,False
172,tg_workflow,1776226746.9779654,1776226747.1470642,0.1690988540649414,84fa9b7b-ef81-4add-82a8-50fafcb2a6c9,200,False
173,iot_workflow,1776226746.9903452,1776226747.261492,0.2711467742919922,72d2461a-b68d-4fa4-ae94-6148491d7777,200,False
169,ecom_workflow,1776226745.9729016,1776226748.3458405,2.372938871383667,7fec3373-2fa5-47a3-b485-24bac7163ba5,200,False
175,tg_workflow,1776226752.6578884,1776226752.6655736,0.007685184478759766,88eac2e5-9318-46a3-8451-7003c313fa50,200,False
177,fd_workflow,1776226754.1046402,1776226754.4646592,0.3600189685821533,8f01d926-e41c-45d3-9778-5932b36449d8,200,False
178,sec_workflow,1776226754.4996364,1776226754.737561,0.23792457580566406,31df6859-013a-4167-a432-9f16fdd4fb78,200,False
179,mc_workflow,1776226755.54305,1776226755.9062042,0.36315417289733887,0fba1a41-8eec-4133-b2ab-5cf2b845df1e,200,False
180,qr_workflow,1776226756.0927148,1776226756.1184993,0.02578449249267578,1af52e2b-9cc0-4e8a-a9e3-e38bdcff8a72,200,False
174,etl_workflow,1776226751.5778532,1776226756.8989947,5.321141481399536,5be241f6-47bd-4dc6-961b-99e8a5a3867c,200,False
182,img_workflow,1776226757.0129886,1776226757.1897879,0.17679929733276367,aecd1568-bc45-4368-8eab-3a5fb9ab4cea,200,False
183,sec_workflow,1776226757.150419,1776226757.3251176,0.1746985912322998,5c199917-9f2d-4cf8-896b-64bde2f05c31,200,False
184,img_workflow,1776226757.607529,1776226757.7833364,0.17580747604370117,b0e69989-5abd-4da6-bb8d-16c9012b7ab4,200,False
187,img_workflow,1776226759.1629918,1776226759.2977479,0.13475608825683594,71d2e168-161b-4558-b1f8-9d7e39494041,200,False
188,qr_workflow,1776226759.4498284,1776226759.4621332,0.01230478286743164,23fbf4dd-aa93-4467-b8b2-dbc105c60625,200,False
186,log_workflow,1776226759.132165,1776226760.281892,1.1497271060943604,540f0c7a-0fab-4022-8283-d7b661f23807,200,False
189,fd_workflow,1776226759.9525313,1776226760.3560977,0.4035663604736328,5ae57b8b-da04-4e8b-ad8c-f4074b1362b7,200,False
191,qr_workflow,1776226760.8869555,1776226760.899278,0.012322425842285156,c899f0f0-5011-40d9-b233-3b65863b9f65,200,False
171,ocr_workflow,1776226746.4417136,1776226761.146749,14.70503544807434,,502,False
185,ocr_workflow,1776226758.5296607,1776226761.1472821,2.617621421813965,,502,False
190,ecom_workflow,1776226760.343475,1776226762.6116164,2.268141269683838,459f5813-33c7-4d89-b28d-d5ca9780ed1c,200,False
181,ocr_workflow,1776226756.7351913,1776226764.1769207,7.441729307174683,,502,False
192,ecom_workflow,1776226762.1304471,1776226764.4292326,2.298785448074341,085f0897-00f0-40c0-93de-ff64e223194e,200,False
195,img_workflow,1776226764.9583805,1776226765.080678,0.12229752540588379,8f093aac-89ac-4752-8ba5-c202da57ec3b,200,False
193,etl_workflow,1776226763.742666,1776226765.7692668,2.0266008377075195,6f251012-ac0e-4274-acc5-fbb6b98264d8,200,False
196,sec_workflow,1776226765.7623403,1776226765.9806142,0.21827387809753418,1d97aa0a-5370-4c1c-8513-69c1a9cda9a6,200,False
197,sec_workflow,1776226766.400036,1776226766.6646523,0.2646162509918213,190ce0d1-7b45-4778-8f51-631fe4957a77,200,False
198,qr_workflow,1776226769.1902735,1776226769.2050955,0.014822006225585938,31a23aef-a746-4204-acc3-1b4692d52cf7,200,False
199,mc_workflow,1776226770.229193,1776226770.5910363,0.3618433475494385,5765c26a-30a1-4130-8a22-bf56ec312837,200,False
194,ocr_workflow,1776226764.1559258,1776226771.7908394,7.634913682937622,51842151-c291-4fa7-a6dc-3e26a0a321e4,200,False
201,tg_workflow,1776226771.9217844,1776226771.940992,0.01920771598815918,5584fd41-ad1e-437c-9da1-018f61a480b8,200,False
202,mc_workflow,1776226772.5730288,1776226772.7664874,0.19345855712890625,f66b0920-5536-45c8-b04e-cea55a0c1349,200,False
203,tg_workflow,1776226776.2387142,1776226776.259037,0.020322799682617188,abc775a4-fc63-4640-bb83-9c5579946ffa,200,False
204,tg_workflow,1776226776.6849568,1776226776.696337,0.011380195617675781,0e1a0e43-178c-45ac-acc8-f5c02e99a46e,200,False
200,ocr_workflow,1776226771.4041224,1776226778.1883702,6.784247875213623,3561849e-2ba0-436f-8c74-95f1ae0c9f4f,200,False
176,ocr_workflow,1776226754.0597658,1776226778.7164512,24.65668535232544,a3e17031-7c26-4db3-a8a5-9a1d0920ac71,200,False
205,mc_workflow,1776226780.0031528,1776226780.2289581,0.22580528259277344,f904fc34-db85-4c42-a2b9-173adfbbdb0c,200,False
208,img_workflow,1776226782.1186109,1776226782.2433264,0.12471556663513184,dfbef0b5-54d9-43f0-8c89-5f494c0325f6,200,False
206,ocr_workflow,1776226781.6696959,1776226782.4925091,0.8228132724761963,d949acf7-330a-4fd3-92fd-ffb3c0281e24,200,False
210,tg_workflow,1776226783.3111796,1776226783.4402072,0.1290276050567627,53ada63d-9086-4018-aabf-8e2b3eab4aa9,200,False
207,ecom_workflow,1776226781.6907856,1776226783.9885015,2.297715902328491,55260058-6fbe-4dd2-b322-24c01d8278ca,200,False
209,log_workflow,1776226782.2986186,1776226785.1121461,2.8135275840759277,51b5c1e5-5b54-4b64-bdad-983261fec290,200,False
211,sec_workflow,1776226787.252045,1776226787.5314734,0.27942848205566406,e398974e-c27a-4928-bdfa-bba648b5365e,200,False
213,qr_workflow,1776226788.0938077,1776226788.1318746,0.038066864013671875,8abd99e7-778e-4075-ab51-cf62efc0c327,200,False
214,fd_workflow,1776226788.6817703,1776226789.0059369,0.32416653633117676,fba062b9-94ac-4fd7-a78c-12f6525bc3fb,200,False
215,qr_workflow,1776226791.2471416,1776226791.2774868,0.03034520149230957,6eeb63a9-7434-4726-b185-8981f51bf23e,200,False
212,log_workflow,1776226787.6297362,1776226791.3858404,3.7561042308807373,6f5f925d-19ef-4fcb-95ab-6189d97dd339,200,False
218,mc_workflow,1776226792.4264224,1776226792.6682389,0.24181652069091797,30d70e86-ee80-444e-abf0-79feece0afd4,200,False
217,ocr_workflow,1776226792.4112773,1776226793.2804313,0.8691539764404297,39f7b88f-3fa2-4990-a7ea-80dc89271f21,200,False
221,img_workflow,1776226793.1841505,1776226793.3252182,0.1410677433013916,632dda0d-20ad-4afe-8da1-19edf840f737,200,False
220,fd_workflow,1776226792.8788686,1776226793.4582508,0.5793821811676025,d09f4c43-67c4-41a7-85dc-f817481cf55c,200,False
219,ecom_workflow,1776226792.7187188,1776226794.9954553,2.2767364978790283,8755bdf5-8f5e-4d5b-966c-a11ee16a4fec,200,False
216,etl_workflow,1776226792.0224566,1776226795.7263298,3.7038731575012207,93ae941a-21ad-458c-b74f-6070b8f5de85,200,False
222,ecom_workflow,1776226794.0799732,1776226797.2937038,3.213730573654175,71c2483a-2ac1-4462-8197-392080a9ef4f,200,False
225,tg_workflow,1776226797.7345467,1776226797.9285953,0.19404864311218262,93e946ae-0608-4044-8188-7082193e6ba9,200,False
227,tg_workflow,1776226797.8128297,1776226797.9350111,0.12218141555786133,db1be001-6caa-4ba1-968e-93b9a80bdbcd,200,False
226,mc_workflow,1776226797.8106737,1776226798.1457176,0.33504390716552734,68bd7b59-26e2-437b-9f63-001af3ea6d8d,200,False
229,sec_workflow,1776226798.646806,1776226798.8701296,0.22332358360290527,29f65f34-9aea-43e2-bd1d-0f858b824263,200,False
230,qr_workflow,1776226798.914988,1776226798.936573,0.02158498764038086,5c2a42de-dde2-49fe-853f-759007744fef,200,False
232,sec_workflow,1776226799.0924482,1776226799.3248074,0.2323591709136963,087e1e89-50ab-4096-99c0-75d3ce5e0f97,200,False
223,ecom_workflow,1776226794.3800323,1776226799.6122682,5.232235908508301,35e92fe8-3583-444d-a572-95bd7d77a075,200,False
234,sec_workflow,1776226799.605384,1776226799.8725934,0.2672092914581299,f625b2b5-21e0-4f37-b490-9e30082ad26f,200,False
236,tg_workflow,1776226801.2064767,1776226801.2192843,0.012807607650756836,fa610406-d13f-42c6-b926-dfdd89624130,200,False
228,log_workflow,1776226798.026319,1776226801.353868,3.3275489807128906,46a8ea97-07ec-49c4-a2ae-7f07e335a170,200,False
224,ecom_workflow,1776226796.5370812,1776226801.9328322,5.395750999450684,73b5ad36-0ab0-4f76-8a5f-7030f5327852,200,False
231,etl_workflow,1776226798.976105,1776226802.1912796,3.215174674987793,8950577c-baba-4260-86a9-5b64e80581fd,200,False
241,tg_workflow,1776226802.8035176,1776226802.8193293,0.015811681747436523,f9a29088-1b39-4fc6-b3f5-941b54f6a37c,200,False
243,tg_workflow,1776226803.0667984,1776226803.1746352,0.10783672332763672,e0305944-47a7-4db3-b037-cff6d912748d,200,False
246,qr_workflow,1776226803.2120092,1776226803.232746,0.0207366943359375,6174dc43-cce5-4de6-bbf3-c24cfc4837c3,200,False
240,ocr_workflow,1776226802.6011114,1776226803.4063551,0.805243730545044,531b55bb-ee71-464e-a025-47308cf3724e,200,False
247,mc_workflow,1776226803.4681191,1776226803.6875863,0.2194671630859375,498bfe2b-3a0c-4503-b13a-061c151cb551,200,False
233,log_workflow,1776226799.3936913,1776226803.9209945,4.527303218841553,5a8c358d-ee43-4803-a7e5-949ff705a424,200,False
235,ecom_workflow,1776226800.3381622,1776226804.2124703,3.8743081092834473,c7a72d5a-b789-4c5b-bbdb-c67bf6d4c087,200,False
249,ocr_workflow,1776226803.7056217,1776226804.6024666,0.8968448638916016,06f887d1-2e5f-4c63-9654-de515d231f1f,200,False
251,mc_workflow,1776226804.8011103,1776226804.8980653,0.0969550609588623,23def5a2-f71e-49c6-a466-6b3012ea0667,200,False
242,ecom_workflow,1776226803.0414486,1776226805.9707103,2.9292616844177246,fe02def9-56f9-4ede-a528-48159129aacf,200,False
239,etl_workflow,1776226802.5561428,1776226806.1265383,3.5703954696655273,dba40e84-aa74-43f6-9ba4-b7d4e081f959,200,False
253,mc_workflow,1776226805.8630078,1776226806.3030324,0.44002461433410645,f9d56f55-528c-430c-b58e-c45877681a87,200,False
237,log_workflow,1776226802.126824,1776226806.6677039,4.540879964828491,9d2edfbc-8103-465d-8c51-9845bc64faf0,200,False
252,iot_workflow,1776226805.4460483,1776226806.6996875,1.2536392211914062,eaa27237-ff67-47dd-ba78-dee6bdafbea2,200,True
245,ecom_workflow,1776226803.175033,1776226806.7439375,3.568904399871826,a1108025-2d71-4517-b087-161e0745455a,200,False
238,log_workflow,1776226802.2195563,1776226807.182598,4.96304178237915,961b6989-af48-49a8-8afc-2300505c0cb9,200,False
256,sec_workflow,1776226807.1384652,1776226807.2861261,0.1476609706878662,62fe71fa-f7c0-42b0-b386-b28444b853ec,200,False
254,ocr_workflow,1776226806.5089812,1776226807.4470708,0.9380896091461182,9a095dc4-8090-42ff-96aa-addd8d839461,200,False
248,ecom_workflow,1776226803.612194,1776226808.2753956,4.663201570510864,648b69b1-d6ab-4482-b131-23d6a03384ce,200,False
250,ecom_workflow,1776226804.0976117,1776226808.997598,4.899986267089844,5b1ea0fd-4189-475e-8c13-7e23d410ae3c,200,False
244,etl_workflow,1776226803.1137123,1776226810.1018033,6.988090991973877,60a40f2f-30f1-4226-aa8b-9734b8360a4d,200,False
257,ecom_workflow,1776226807.624609,1776226810.557878,2.9332690238952637,9de5dcb6-87d4-4441-83cb-2d4c9be19954,200,False
260,tg_workflow,1776226810.6736622,1776226810.6834524,0.009790182113647461,a9b8800c-b6e8-4198-b67c-8b46d762cf34,200,False
261,sec_workflow,1776226812.4415138,1776226812.6782799,0.23676609992980957,3c656fa6-26a4-479b-9608-98d5dce22437,200,False
258,log_workflow,1776226807.980128,1776226812.6852798,4.705151796340942,a5cd70d2-c42e-470a-8c5b-6ad8819493d9,200,False
262,img_workflow,1776226812.99556,1776226813.2050805,0.20952057838439941,e6cbf39f-c7de-489c-baf0-e50579d1313e,200,False
263,sec_workflow,1776226813.074618,1776226813.2336311,0.159013032913208,67a7885a-edd4-472c-bdd1-d808b2d63802,200,False
255,etl_workflow,1776226806.8535447,1776226813.8408418,6.987297058105469,8da460c1-0d66-4768-b391-bb152772bdc7,200,False
264,mc_workflow,1776226814.4042757,1776226814.670322,0.26604628562927246,d173125b-9ad0-4543-9d86-a0883d0a95f4,200,False
265,etl_workflow,1776226815.9278197,1776226816.6122108,0.6843910217285156,312838d5-bc32-467d-b591-252397f4139d,200,False
266,img_workflow,1776226817.8938754,1776226818.0241225,0.1302471160888672,2a00cc55-58ad-4e5b-9c49-db04b2d3ed66,200,False
259,log_workflow,1776226808.623641,1776226818.3919346,9.768293619155884,e8518227-39d6-4e30-a6af-498bafbc6ae5,200,False
267,mc_workflow,1776226819.8204677,1776226819.8929267,0.07245898246765137,83aa495e-a126-49bf-ad63-a6b3ce301d17,200,False
268,fd_workflow,1776226821.1409137,1776226821.5581627,0.4172489643096924,390685f4-7246-453f-a3fb-856942b14249,200,False
270,log_workflow,1776226822.4515107,1776226823.8120737,1.360563039779663,0d96ad55-e7b5-48b3-b8bf-dadf523a0cbf,200,False
272,img_workflow,1776226824.8928244,1776226825.0956256,0.20280122756958008,c44340ad-c3b5-412c-9e45-326015a0cbd7,200,False
269,etl_workflow,1776226821.5139687,1776226826.523522,5.0095531940460205,35fb43a1-13bd-4999-9633-6cc1976c2208,200,False
273,iot_workflow,1776226826.2464576,1776226826.807602,0.5611443519592285,852b6db9-a983-454d-b6e6-4b3308a7c3bb,200,False
271,log_workflow,1776226824.240857,1776226827.2601497,3.0192928314208984,8c5edf1d-201b-4e65-9ed3-c5504ef891fa,200,False
275,img_workflow,1776226828.525949,1776226828.7030447,0.17709565162658691,705d1fe4-e813-479e-b067-de34b8c4b865,200,False
274,iot_workflow,1776226828.4893003,1776226829.2666302,0.7773299217224121,c4f90b6a-8fab-4b02-92dd-ccc32e1b0c67,200,False
276,img_workflow,1776226829.4986422,1776226829.7206254,0.2219831943511963,2d06d121-f9dd-4b3f-af2a-da9b2f729304,200,False
277,qr_workflow,1776226831.7750747,1776226831.8062382,0.031163454055786133,14ad3cc3-a06c-41fe-a15f-419467039fa3,200,False
278,qr_workflow,1776226831.8934803,1776226831.927889,0.0344088077545166,e5077b17-1858-4f3e-8cd0-484913418195,200,False
280,tg_workflow,1776226836.6739106,1776226836.6865487,0.012638092041015625,5e1021dc-e8de-455a-840c-830ff683ee36,200,False
279,ocr_workflow,1776226834.4794126,1776226838.0374815,3.5580689907073975,,502,False
281,ocr_workflow,1776226837.4754348,1776226838.0424855,0.5670506954193115,,502,False
282,sec_workflow,1776226838.9060833,1776226839.0926871,0.18660378456115723,797b76cf-726e-4930-8aeb-f04384e6b730,200,False
283,tg_workflow,1776226839.4079292,1776226839.4230306,0.015101432800292969,1f42112b-7471-47e0-9675-185648519a7c,200,False
285,fd_workflow,1776226841.104865,1776226841.4484532,0.34358811378479004,9ca2f80e-5e3b-4e94-afdd-184a6fe15b17,200,False
286,qr_workflow,1776226842.5161867,1776226842.5458674,0.029680728912353516,e73dca36-fcfe-438a-9db9-2762de086622,200,False
287,fd_workflow,1776226846.4099612,1776226846.8290107,0.4190495014190674,63b10231-5a83-4e76-8df5-5a58b1350a9d,200,False
289,tg_workflow,1776226846.8400028,1776226846.855636,0.015633106231689453,2e580292-076f-4c62-8129-133a4ffdf52e,200,False
291,tg_workflow,1776226848.42969,1776226848.4460826,0.01639270782470703,e541927a-a136-489c-8231-96e55d02f67c,200,False
290,sec_workflow,1776226848.2160416,1776226848.5059636,0.28992199897766113,4c4d3d34-0bef-4367-a94d-7e7fefc3f380,200,False
288,log_workflow,1776226846.7417254,1776226850.1681514,3.4264259338378906,29b2ae48-7a5c-44f5-80b1-d9320007d03d,200,False
294,tg_workflow,1776226855.3058214,1776226855.3241773,0.018355846405029297,ea54e9f6-1ca4-4281-a61c-cc793e34f4a3,200,False
295,mc_workflow,1776226855.5765886,1776226855.964084,0.3874952793121338,f10d4ff8-83fe-499f-af20-7ef8bd4594f5,200,True
292,etl_workflow,1776226852.3679416,1776226856.01806,3.650118350982666,9e34be25-32af-4002-bcd0-c7fe9276d118,200,True
293,etl_workflow,1776226854.307583,1776226856.497511,2.189927816390991,9b1d6bdb-825d-42fe-aae3-9c118eaa03b5,200,False
297,qr_workflow,1776226856.7449343,1776226856.780195,0.035260677337646484,8c26079c-1745-407a-b519-dc697a3d48c7,200,False
298,img_workflow,1776226857.3889477,1776226857.5946302,0.20568251609802246,db3deeb4-2f95-42d9-b9b9-a00262044823,200,False
300,mc_workflow,1776226858.1647046,1776226858.4113388,0.24663424491882324,243eb049-3975-44da-a69d-c5ebcb73f506,200,False
302,iot_workflow,1776226858.335152,1776226858.7694728,0.43432092666625977,e93c3688-16d0-46c7-895e-5979eddf145b,200,False
284,ocr_workflow,1776226839.481134,1776226859.3622773,19.88114333152771,54bb47c6-2c09-413f-8616-d99080263b25,200,False
305,img_workflow,1776226859.3226001,1776226859.4912834,0.16868329048156738,e460536c-3d12-47d8-a94d-16450aead31d,200,False
306,mc_workflow,1776226859.3967948,1776226859.5599377,0.16314291954040527,5906de9b-056b-49e1-bfd8-0cb6a6659638,200,False
308,fd_workflow,1776226859.5905783,1776226860.1349187,0.5443403720855713,0586f747-0f4e-4435-8187-56b789d0f960,200,False
311,mc_workflow,1776226860.1655962,1776226860.3690178,0.20342159271240234,714cd4af-523d-435a-99a1-0c6c5780c1c9,200,False
301,ecom_workflow,1776226858.1947298,1776226860.4723635,2.2776336669921875,881fd9ef-e9bf-4c60-9ab2-2c33de621881,200,True
304,iot_workflow,1776226859.0690076,1776226860.599929,1.530921459197998,d98631a1-f1ac-4319-845f-dc26f9aac1b8,200,False
313,fd_workflow,1776226861.0340052,1776226861.4523394,0.4183342456817627,ff40aff4-9f20-4161-a056-ca35dd211f18,200,False
296,etl_workflow,1776226855.9079344,1776226861.519482,5.611547470092773,7d7dd010-30fd-4be2-8519-c68ef7529cfe,200,False
303,ecom_workflow,1776226858.3990636,1776226861.7018106,3.3027470111846924,d380d32c-0bd3-45cc-b2f1-017508f31f91,200,False
314,iot_workflow,1776226861.4807403,1776226861.8441432,0.3634028434753418,0ddbf759-2313-4ef4-8818-2a14fb40d8a2,200,False
312,log_workflow,1776226860.76156,1776226862.144303,1.3827431201934814,e0faae19-253a-45bc-bd5f-4e998e011002,200,False
315,ocr_workflow,1776226861.7131073,1776226862.2002,0.4870927333831787,,502,False
317,iot_workflow,1776226862.336794,1776226862.5072582,0.17046427726745605,0d0aecaf-61c9-4281-9468-b7c5968670d4,200,False
319,mc_workflow,1776226862.5082893,1776226862.741166,0.23287677764892578,d166de9b-b2c2-4f30-ae78-ee4da761d698,200,False
309,ecom_workflow,1776226859.9378276,1776226862.9218414,2.984013795852661,10e34040-b2be-438a-ae08-638acf525567,200,False
299,etl_workflow,1776226857.491752,1776226863.0356016,5.54384970664978,727ac134-85a6-4c15-9f74-25c0f180dd2c,200,False
318,iot_workflow,1776226862.5063417,1776226863.6475646,1.1412229537963867,a9555077-259f-4e2c-81b0-e69865f65e78,200,False
316,log_workflow,1776226861.9640503,1776226863.941713,1.9776628017425537,54c0d15b-20e2-4b18-b1d6-1debd615dc05,200,False
321,tg_workflow,1776226863.9863918,1776226863.9953656,0.008973836898803711,c805c26a-062c-46b4-87d5-1bea26523bf9,200,False
307,etl_workflow,1776226859.432282,1776226864.5492935,5.117011547088623,4d86420b-a7bd-42e4-b47e-f7bf5e1d4c86,200,False
322,qr_workflow,1776226864.6179118,1776226864.6322746,0.014362812042236328,28b84024-28f2-4fb9-9753-94a8acc66be5,200,False
310,etl_workflow,1776226860.0947978,1776226866.0398352,5.945037364959717,84db70fd-390c-4be2-8433-f49864dc0372,200,False
326,qr_workflow,1776226866.0411491,1776226866.0573623,0.016213178634643555,6237162c-e102-4c9e-99c4-76d096c5c78c,200,False
320,etl_workflow,1776226863.2796586,1776226867.323857,4.044198513031006,31066bf2-d4f6-42d7-9460-1d3ab0b4cab3,200,False
323,ocr_workflow,1776226865.0415628,1776226867.3997633,2.3582005500793457,,502,False
328,ocr_workflow,1776226867.2966654,1776226867.4003682,0.10370278358459473,,502,False
324,ocr_workflow,1776226865.2340257,1776226868.3613157,3.1272900104522705,,502,False
329,fd_workflow,1776226869.4790306,1776226869.8275852,0.3485546112060547,351be2f1-8dc7-467a-8871-63ebdc73164b,200,False
325,etl_workflow,1776226865.3230648,1776226871.8443477,6.521282911300659,e805cb28-4bd2-4007-84d6-cf8e0dc1f72d,200,False
327,etl_workflow,1776226866.7616248,1776226873.904247,7.142622232437134,fa4da762-ca71-459a-8177-d5dc2090a3d9,200,False
331,iot_workflow,1776226873.620629,1776226874.2623127,0.6416835784912109,ad07c2e2-46fb-41fd-843d-c4cc475d17e9,200,False
332,iot_workflow,1776226873.6482923,1776226874.332444,0.6841516494750977,c09e9025-c32d-40d9-a548-5c3403128aa7,200,False
334,mc_workflow,1776226874.5400317,1776226874.6802344,0.14020276069641113,7a8cf288-e590-40ec-a928-90107f6ba906,200,False
333,etl_workflow,1776226874.2338657,1776226876.6228197,2.388953924179077,5ad287b8-1286-4616-9496-81196c219544,200,False
336,fd_workflow,1776226877.297784,1776226877.6070669,0.3092827796936035,27c40a82-d6a3-4aa6-bfb5-f8537c00a50e,200,False
338,qr_workflow,1776226877.9967432,1776226878.0260377,0.029294490814208984,e12dc684-879e-4050-860e-0bf6caa0607a,200,False
335,log_workflow,1776226874.8559837,1776226878.4860883,3.6301045417785645,8d630d5a-788e-4fe9-9312-a0acf4f75a65,200,False
339,tg_workflow,1776226879.7855816,1776226880.0327027,0.24712109565734863,ad884fca-4381-42f2-9e59-3ce005f69451,200,False
337,ecom_workflow,1776226877.737144,1776226880.081059,2.3439149856567383,8af63918-8de6-4096-93ba-3040afb0d81c,200,False
340,tg_workflow,1776226880.070681,1776226880.2264438,0.1557626724243164,fbe66e45-9eba-421d-9d82-ad74937b5ef4,200,False
342,tg_workflow,1776226881.4950345,1776226881.5140886,0.019054174423217773,16ecb8df-3446-49e8-a35a-41b0e5b0e209,200,False
341,ecom_workflow,1776226880.417692,1776226882.7356665,2.31797456741333,074a36ed-2c4e-44a7-bf6b-46b92b3573d5,200,False
345,sec_workflow,1776226882.7364264,1776226882.9022477,0.16582131385803223,ed4af85e-998e-47e1-97f8-7e1f3e443f54,200,True
330,ocr_workflow,1776226873.0163157,1776226883.6239398,10.607624053955078,,502,False
343,ecom_workflow,1776226881.8370802,1776226884.9871104,3.1500301361083984,e166dc0b-d191-47f6-869e-0e919e964e8a,200,False
347,fd_workflow,1776226885.6212003,1776226885.975879,0.3546786308288574,ef94d82a-aadb-41c3-b15f-6bee3b7543aa,200,False
346,iot_workflow,1776226885.3276978,1776226886.0591254,0.7314276695251465,4feb3ea4-5779-4761-8499-d55e828e9567,200,False
344,etl_workflow,1776226882.6997325,1776226886.4377944,3.7380619049072266,dfc76ce0-74f6-4030-a8c7-98e8c44f4d3c,200,False
348,iot_workflow,1776226886.7042701,1776226888.2759516,1.5716814994812012,64d96a63-b95d-472f-81a5-392e5cc66bfb,200,False
349,iot_workflow,1776226887.1145902,1776226888.4056802,1.2910900115966797,c47244f3-16aa-480b-90ee-1525c531f356,200,False
351,ecom_workflow,1776226893.1392062,1776226895.4543657,2.315159559249878,e2c220c5-d35f-43c7-8a08-d852d59655ab,200,False
352,log_workflow,1776226895.2438915,1776226898.1810696,2.937178134918213,eb529170-6e8d-4f8e-8cdd-a354026e1c1f,200,False
353,log_workflow,1776226898.8215265,1776226900.6124647,1.790938138961792,d24961ad-92aa-4e41-b1df-10e138fdb0e9,200,False
355,sec_workflow,1776226901.5110383,1776226901.6419346,0.13089632987976074,e5b1e131-4dc5-4067-8faa-9e5b81b1fbc5,200,False
354,ecom_workflow,1776226899.983124,1776226902.3185852,2.335461139678955,7824d232-370c-4e8e-ade5-4d9caf828296,200,False
357,iot_workflow,1776226902.48121,1776226902.8578727,0.3766627311706543,3a8f18ab-cacd-427c-856c-8effb2d93fa4,200,False
358,mc_workflow,1776226904.1828952,1776226904.3438828,0.16098761558532715,8b6b481d-779c-467a-995b-2fae2dc18659,200,False
356,log_workflow,1776226901.8128471,1776226904.9447563,3.131909132003784,988af248-26ce-4326-b2f4-434844d91ff7,200,False
359,img_workflow,1776226905.1389842,1776226905.3516085,0.21262431144714355,399fba74-e443-4b3c-8754-e922d4bc0a53,200,True
361,ecom_workflow,1776226905.6457655,1776226907.9321225,2.2863569259643555,e15ca526-48fb-466a-8f74-cd0dcd030990,200,False
350,ocr_workflow,1776226892.1220028,1776226908.0591834,15.937180519104004,,502,False
363,sec_workflow,1776226908.1919467,1776226908.409184,0.21723723411560059,5e819bb8-0bec-4819-ac07-77231263659b,200,False
364,mc_workflow,1776226908.8943527,1776226909.0368755,0.14252281188964844,d7a46526-316c-44e7-8e2a-1675fb295059,200,False
360,etl_workflow,1776226905.3106382,1776226909.3394587,4.028820514678955,5b5a6232-b92c-46d0-ae8a-4f37f633698f,200,False
362,ecom_workflow,1776226907.0145128,1776226910.2283666,3.2138538360595703,41a129b9-1417-4c9b-bca3-3a462653caf2,200,False
366,iot_workflow,1776226911.6800945,1776226911.7778366,0.09774208068847656,732b42de-6c74-41f1-8287-d6d88edc83ed,200,False
365,ecom_workflow,1776226910.5069082,1776226912.8289216,2.3220133781433105,b7838cd4-2814-486d-a1e3-f01fb842dc4c,200,False
367,qr_workflow,1776226914.09325,1776226914.116566,0.023315906524658203,e91476a5-3a63-4f2c-a6af-41e5301f2e5f,200,True
368,fd_workflow,1776226914.6791768,1776226915.0415742,0.3623974323272705,93cc8804-68a8-433a-8c61-06495c799418,200,False
369,fd_workflow,1776226915.2674723,1776226915.6154425,0.34797024726867676,54671230-5780-46cf-acd0-185ad56f0717,200,False
372,img_workflow,1776226916.5740006,1776226916.8002515,0.22625088691711426,7a571bf8-6824-4708-a93b-68b0ac48ae88,200,False
370,ecom_workflow,1776226915.9873571,1776226918.2704842,2.2831270694732666,1502c7d2-bd57-4907-860d-fc006f6cb518,200,False
376,qr_workflow,1776226918.7407577,1776226918.8814654,0.14070773124694824,29558e49-c260-442d-8722-307f10aafb07,200,False
375,fd_workflow,1776226918.6324453,1776226918.9726021,0.34015679359436035,2f0e6574-2e9a-40de-8287-9de554926110,200,False
374,sec_workflow,1776226918.5954988,1776226918.9880235,0.39252471923828125,41777787-1e13-4953-9192-b01f89507c8b,200,False
373,iot_workflow,1776226918.1513143,1776226919.2860804,1.1347661018371582,0db81eb1-56e5-4be9-abb4-9e4d97d5e6dc,200,False
377,fd_workflow,1776226919.5701597,1776226919.9343514,0.36419177055358887,b3d9c33b-840b-481b-89c9-e39b0fbf7c33,200,False
380,qr_workflow,1776226920.2205763,1776226920.232423,0.011846780776977539,046a6421-b4a5-4b28-85c2-e4af4589b1e0,200,False
378,sec_workflow,1776226920.0122259,1776226920.2484305,0.2362046241760254,b0bb0cd9-1bf4-48ba-96e1-240ebff25850,200,False
379,img_workflow,1776226920.0733278,1776226920.305308,0.2319803237915039,eb6a8861-9595-4a86-901f-2131101105ca,200,False
382,img_workflow,1776226922.06277,1776226922.2067618,0.14399194717407227,705e252d-4cd0-44a3-890f-5a7d4da3aed0,200,False
381,etl_workflow,1776226921.7623618,1776226923.210727,1.4483652114868164,e1d4349c-1d1f-4a26-893e-9c779091db25,200,False
384,img_workflow,1776226923.152288,1776226923.2963805,0.14409255981445312,edad9d8e-6118-4e03-b20e-23098e010ccf,200,False
386,img_workflow,1776226924.2556434,1776226924.4136376,0.15799427032470703,873c2dc1-8552-4362-9f39-b17bd3d8fdf6,200,False
388,img_workflow,1776226924.479891,1776226924.8046103,0.3247191905975342,36b0249b-8827-4e45-8c84-f4f38c1bff79,200,False
390,mc_workflow,1776226925.2556078,1776226925.4226034,0.16699552536010742,42c1c6cd-9804-47bb-b167-a05cf4b18122,200,False
371,ocr_workflow,1776226916.1670575,1776226925.6218317,9.454774141311646,ee1416ae-007e-4547-aca2-ec38c6ca8f2f,200,False
391,iot_workflow,1776226925.3203466,1776226925.8425307,0.5221841335296631,c5f0f569-9bbc-43ac-a6df-0082fd56871d,200,False
385,ocr_workflow,1776226924.0138242,1776226926.2352324,2.2214081287384033,,502,False
387,ocr_workflow,1776226924.342056,1776226926.2357543,1.8936982154846191,,502,False
392,img_workflow,1776226926.327648,1776226926.4563015,0.12865352630615234,063972c0-2bfa-488e-bef2-e3955126bc36,200,False
383,etl_workflow,1776226922.121044,1776226926.5948071,4.4737632274627686,334ddbc3-8425-4e95-a357-a89cdfa9a54f,200,False
389,ecom_workflow,1776226924.7970054,1776226927.0643547,2.2673492431640625,73f0145a-b1e7-4ef3-8e13-02bff150f1c8,200,False
396,qr_workflow,1776226927.0888186,1776226927.1149433,0.02612471580505371,8550ace5-3c5c-4fd8-aa3e-65ffdcf0e71a,200,False
395,sec_workflow,1776226926.987739,1776226927.1434755,0.15573644638061523,4cc7ab0b-4149-41fa-98be-a73c02b03a6b,200,False
399,qr_workflow,1776226928.2682831,1776226928.3003094,0.03202629089355469,5f735e6c-31b8-417d-ae4c-c428a22064fb,200,False
393,ecom_workflow,1776226926.5769303,1776226929.5202303,2.9433000087738037,048c5fec-15ab-4627-a6c7-092ecff6a7d9,200,False
400,fd_workflow,1776226928.7091343,1776226929.689111,0.9799766540527344,d7ee658c-b951-454e-b3eb-735283c82d19,200,False
394,log_workflow,1776226926.7210097,1776226930.0485816,3.3275718688964844,218d888b-1b3a-4b95-bda2-41b22e227397,200,False
402,etl_workflow,1776226930.8695607,1776226931.491954,0.6223933696746826,70af0378-ab02-42a6-aaab-53a57ee2739c,200,False
398,ecom_workflow,1776226927.9691572,1776226931.8760095,3.9068522453308105,529b3c27-8deb-4398-99ae-faf3d10aef09,200,False
405,qr_workflow,1776226932.7557347,1776226932.780787,0.025052309036254883,1e0c8e20-88f9-47a6-8e45-f33cb47c6824,200,False
406,fd_workflow,1776226933.3077388,1776226933.7233136,0.4155747890472412,dc9448e8-1231-4451-baef-d3c687b7c3b1,200,False
403,ecom_workflow,1776226931.3034737,1776226934.1471775,2.8437037467956543,c70a39fa-f9de-4c8a-a472-b9021febbbef,200,False
404,ecom_workflow,1776226931.4891133,1776226936.405255,4.916141748428345,25cca207-9f26-4134-bbdb-45809cb38b1b,200,False
409,img_workflow,1776226936.5754614,1776226936.8327081,0.257246732711792,ed732bf8-c34f-4b9f-aec4-e893875ad2cb,200,False
408,iot_workflow,1776226936.5128074,1776226937.2994392,0.7866318225860596,407d383d-fab3-46ce-be9a-0a60ce548298,200,False
407,ecom_workflow,1776226934.5666485,1776226938.674762,4.108113527297974,65fddd16-6b73-44bd-ba73-26f83464aa5d,200,False
413,tg_workflow,1776226939.501853,1776226939.8468964,0.345043420791626,a40d7e3a-4a77-40c3-a24b-1df3534b8903,200,True
412,iot_workflow,1776226939.4922988,1776226939.9399502,0.44765138626098633,83d0bdf5-77be-48de-b2f8-e9cf1fdeee82,200,False
410,log_workflow,1776226937.38668,1776226940.08348,2.6967999935150146,56d8b489-cbea-451a-ae5c-7c84240d2169,200,False
416,sec_workflow,1776226941.2186704,1776226941.4316828,0.2130124568939209,96831e51-d64e-49df-a3ab-04395ec9765a,200,False
418,sec_workflow,1776226942.256635,1776226942.4784014,0.22176647186279297,a51eeb66-fc47-44c5-a847-b83495bea256,200,False
420,img_workflow,1776226943.8819485,1776226943.9999058,0.11795735359191895,25e124dd-b540-40d6-8583-3989a793e001,200,False
417,ecom_workflow,1776226941.8281837,1776226944.1171293,2.2889456748962402,a124ed0f-7e07-44de-9353-661e4a9b8635,200,False
414,etl_workflow,1776226939.7901824,1776226944.5119178,4.72173547744751,169fd1ff-252d-444a-818f-f74cb8ccade7,200,False
421,mc_workflow,1776226945.6214898,1776226945.706666,0.08517622947692871,c3566d5b-2303-4acc-b871-acb0ebd3a1ef,200,False
422,img_workflow,1776226945.752978,1776226945.8833177,0.1303396224975586,2a3ded66-c927-49d3-a2fa-09383ecc204f,200,False
419,ecom_workflow,1776226943.8400927,1776226946.362257,2.5221643447875977,a7649a1f-7088-4a4e-b63a-f6ea68433b77,200,False
423,iot_workflow,1776226946.1094131,1776226946.645363,0.5359499454498291,6e039416-8e70-41c7-a81f-52462d7b01b3,200,False
411,ocr_workflow,1776226939.0167196,1776226946.9376817,7.92096209526062,,502,False
415,ocr_workflow,1776226940.1820529,1776226946.9382863,6.75623345375061,,502,False
424,fd_workflow,1776226948.0728197,1776226948.3958747,0.3230550289154053,9326025b-90e4-4d50-b278-4e1a4c8fa1a2,200,False
397,ocr_workflow,1776226927.694273,1776226949.5979116,21.9036386013031,f205e43b-de84-4f88-8855-70e0d4254bd4,200,False
425,tg_workflow,1776226949.8476582,1776226949.86096,0.013301849365234375,06227da1-a83f-4958-bda2-fa2313d54f85,200,False
426,log_workflow,1776226950.6250534,1776226953.6019752,2.976921796798706,fa7f4239-b33c-45b4-9b8d-864afd5ea3ee,200,False
428,ocr_workflow,1776226954.2395346,1776226954.915502,0.6759674549102783,,502,False
427,etl_workflow,1776226953.560412,1776226956.718011,3.1575989723205566,9d7ba7cf-806d-45ea-ab83-6ba17464eefc,200,False
429,tg_workflow,1776226957.4962983,1776226957.5148056,0.01850724220275879,4ea96ddb-54cc-4d7d-9b72-e44f35e3ed38,200,False
430,ecom_workflow,1776226958.4291022,1776226960.734564,2.305461883544922,ee3188d5-47a1-4df9-990c-98d1215eb956,200,False
432,img_workflow,1776226961.8298266,1776226962.006775,0.17694830894470215,37e2789c-b4eb-44e9-9730-5da98f321778,200,False
433,qr_workflow,1776226963.3852446,1776226963.4157481,0.030503511428833008,7a5baaad-07b9-424b-8551-2fcaa36d68bd,200,True
401,ocr_workflow,1776226930.7165947,1776226964.2416694,33.52507472038269,,500,False
434,fd_workflow,1776226965.3943095,1776226965.8324466,0.4381370544433594,3d6bc296-4ade-4b19-95a6-efd698fa827b,200,False
435,ocr_workflow,1776226967.1080759,1776226967.8983145,0.790238618850708,03c3b16e-d670-423b-886e-52ac8b89005a,200,False
437,img_workflow,1776226969.2185402,1776226969.4019582,0.18341803550720215,6fafe6d8-5d66-4474-809c-789698439b40,200,False
438,mc_workflow,1776226969.334115,1776226969.4267452,0.09263014793395996,e160b70d-76f3-44b5-bc26-b49940c25fe7,200,False
436,iot_workflow,1776226969.1984746,1776226969.9536464,0.7551717758178711,87ad1222-787a-407c-a4f0-7b0a6af5a362,200,False
439,mc_workflow,1776226969.9750648,1776226970.2225454,0.2474806308746338,d001ef48-dcc6-4aa7-bd82-eaab645cb962,200,False
441,tg_workflow,1776226972.9292488,1776226972.9557884,0.02653956413269043,5696117d-ef80-4630-8997-dfe7faf4b9c2,200,False
443,tg_workflow,1776226973.0114179,1776226973.029541,0.018123149871826172,c980d24c-db1d-43b3-9c5d-9c1974c97ccf,200,False
442,mc_workflow,1776226972.9380565,1776226973.1984556,0.26039910316467285,f3877527-56f3-49f6-9858-12ab8acb616b,200,False
440,log_workflow,1776226970.1488347,1776226973.7713797,3.622545003890991,611c542e-2635-48cd-99cb-b2582ba6081c,200,False
431,ocr_workflow,1776226961.8210313,1776226975.3384075,13.517376184463501,600a8144-b838-4ea1-9ae7-96d1555ac03c,200,False
444,qr_workflow,1776226975.8810604,1776226975.9053807,0.024320363998413086,38c2dd76-4afe-4f49-811b-0531e8da3640,200,False
446,etl_workflow,1776226975.9301023,1776226976.2744203,0.3443179130554199,33e48c32-e1fb-4908-88c4-13a0fc1e1148,200,False
445,fd_workflow,1776226975.8834558,1776226976.4562309,0.57277512550354,c8d66bda-7594-4d26-bf99-26002246916e,200,False
447,tg_workflow,1776226976.5872428,1776226976.6057856,0.018542766571044922,68d70ce7-9e3f-42f5-8358-ba0e7a8f2c39,200,False
448,tg_workflow,1776226976.9471388,1776226977.038791,0.09165215492248535,f8525f30-9fde-44f8-abab-9e325f45ee61,200,False
449,log_workflow,1776226977.0061066,1776226978.481077,1.4749703407287598,48898fc4-bdd7-473d-a39e-80a989dd2a7a,200,False
453,sec_workflow,1776226978.507114,1776226978.8026297,0.295515775680542,e1177c6d-4f68-4a2a-98b7-0cba79179fb8,200,True
451,iot_workflow,1776226977.6821291,1776226978.913385,1.2312557697296143,c2988c46-23f3-4d5d-be71-4a19a827388e,200,False
454,img_workflow,1776226978.9941645,1776226979.2794604,0.2852959632873535,b1cef063-079b-4ba8-8e02-610fa22faa8b,200,False
455,sec_workflow,1776226979.3821137,1776226979.6436021,0.2614884376525879,77ba6480-48e1-4013-a8f4-58d67d34af30,200,False
456,qr_workflow,1776226979.6339712,1776226979.6647186,0.030747413635253906,b54c8473-5635-4bc5-b303-515616f520ec,200,False
452,iot_workflow,1776226978.456907,1776226979.715208,1.258301019668579,1adaa99e-bb4c-40d2-81d2-73a3ef06b07a,200,False
457,img_workflow,1776226980.213504,1776226980.3937235,0.18021941184997559,f7c83310-415c-4e5a-921b-cd02d53d7f39,200,False
459,qr_workflow,1776226980.402006,1776226980.430114,0.02810811996459961,3370b1d4-4a70-4013-a541-395090c076ef,200,False
460,iot_workflow,1776226980.9411764,1776226981.2575462,0.31636977195739746,bb9e8503-8c7b-48f1-9610-97fe3c6ab93c,200,False
450,log_workflow,1776226977.0819495,1776226982.2859392,5.203989744186401,52389909-05e7-4cbd-a7fa-c141f073f2e7,200,False
463,sec_workflow,1776226983.1636245,1776226983.3962836,0.23265910148620605,e8e1fb0e-b974-4da7-91f5-d1be67ae6515,200,False
462,etl_workflow,1776226981.8854635,1776226983.9093945,2.0239310264587402,c2066be5-7a49-4d86-bb88-7905bf125a50,200,False
464,fd_workflow,1776226983.5538552,1776226984.187619,0.6337637901306152,c10c8994-5032-4021-8011-621524dc42f5,200,False
466,sec_workflow,1776226984.0680683,1776226984.254311,0.18624281883239746,be1b748c-b8a4-4b12-9fd1-8c4b23b20556,200,False
467,mc_workflow,1776226984.0813138,1776226984.3074026,0.2260887622833252,245993e5-73a6-4f63-aba9-58a1fb45f1f9,200,False
468,img_workflow,1776226984.9370084,1776226985.0671554,0.13014698028564453,86360a5d-b9bb-45a5-9eb9-9e3654d6e4d2,200,False
470,mc_workflow,1776226985.4672537,1776226985.5896547,0.12240099906921387,ca1fdbef-ab25-4542-b412-601ee490eea2,200,False
469,ocr_workflow,1776226984.9817696,1776226985.683342,0.7015724182128906,6b892038-03f3-4617-a223-1a1a6c3f08a0,200,False
471,fd_workflow,1776226985.6852252,1776226986.0870504,0.4018251895904541,e4c6a434-5189-4dc1-9c0d-c61a7bb15bb2,200,False
458,log_workflow,1776226980.295686,1776226986.2956278,5.999941825866699,1253830d-3a82-4fbf-b241-63088cb898ee,200,False
473,sec_workflow,1776226986.496992,1776226986.9037359,0.40674376487731934,d058ae8b-b39c-4109-9ac9-7a24c46a840c,200,False
461,etl_workflow,1776226981.3984072,1776226987.1392763,5.740869045257568,ee0f21d3-f387-431a-ba55-d7f96494694c,200,False
465,log_workflow,1776226983.7804642,1776226987.2139852,3.433521032333374,3f0f24e7-83f4-48ae-9e68-76e4016c8a3f,200,False
476,img_workflow,1776226987.388733,1776226987.6651182,0.2763853073120117,9fd1eb91-d450-434b-b0d7-221b55ba4cee,200,False
475,ecom_workflow,1776226987.0269766,1776226989.3730803,2.3461036682128906,07905146-2b00-42b7-99de-af871c6e94fd,200,False
472,log_workflow,1776226986.2262063,1776226989.8428912,3.616684913635254,53e8dae8-9272-4a06-a649-a2c49b53fc46,200,False
474,log_workflow,1776226986.8098722,1776226990.7752497,3.9653775691986084,0165c8e9-aaae-4ab3-a8e6-044f629e08a0,200,False
480,ocr_workflow,1776226990.5519872,1776226991.333557,0.7815697193145752,11971f24-0479-47e2-a2f4-d02f2bf8640f,200,False
477,ecom_workflow,1776226987.5461833,1776226991.6606324,4.1144490242004395,8c245cea-ad2c-468c-8137-c3f1650621a3,200,False
481,etl_workflow,1776226991.2213926,1776226992.6038563,1.3824636936187744,03d4706b-72b0-42ba-990b-f86522365dc9,200,False
483,sec_workflow,1776226993.5649807,1776226993.7896638,0.22468304634094238,5407163b-0328-4f5a-a91f-cfbd569e0103,200,False
478,ecom_workflow,1776226989.3702595,1776226993.9244819,4.554222345352173,df8f0e84-b5f5-4e38-9e82-454d717df218,200,False
484,mc_workflow,1776226994.1489985,1776226994.4186988,0.269700288772583,358af933-31dd-40b8-9d04-d16cd9e5b902,200,False
479,ecom_workflow,1776226989.986847,1776226996.1953306,6.208483695983887,47be149d-960b-4f14-beb2-8e2cba71967b,200,False
485,sec_workflow,1776226997.3566985,1776226997.5189803,0.16228175163269043,1b4a1cdd-e82c-4209-b7fb-c3c7e3f9a170,200,False
482,etl_workflow,1776226991.739705,1776226997.6002548,5.860549688339233,a4efa136-e485-4f1d-8bed-31fd850bcaa0,200,False
486,qr_workflow,1776226999.0412853,1776226999.0691578,0.027872562408447266,166ca7cd-62ac-4bad-9664-9c318a681dca,200,False
487,fd_workflow,1776226999.3613982,1776226999.7682633,0.40686511993408203,62d85d7c-c55d-4816-8025-cb363c2dd8cb,200,False
488,tg_workflow,1776226999.8129888,1776226999.8323174,0.019328594207763672,560fee25-8100-4c3e-8e1e-1fbc82f09f85,200,False
489,img_workflow,1776227002.0669255,1776227002.1734822,0.10655665397644043,ccdcc9e8-9ab1-4f51-9672-584690f4341c,200,False
490,fd_workflow,1776227004.5858514,1776227004.932658,0.34680652618408203,0392a895-becb-4329-b7c9-0d66258d8ada,200,False
491,qr_workflow,1776227006.3252335,1776227006.3448741,0.019640684127807617,e84efa39-3900-443f-bbea-b218497ed951,200,False
492,img_workflow,1776227006.5597863,1776227006.668303,0.10851669311523438,6a13960d-336b-49dc-8a80-fe99fa504bbd,200,False
493,ocr_workflow,1776227007.0178676,1776227007.8626432,0.8447756767272949,8d454111-af9b-48c3-a364-47925c12c35d,200,False
496,tg_workflow,1776227008.1939561,1776227008.2122672,0.018311023712158203,de656b58-e984-4dc0-90e3-3a6049288a2a,200,False
497,tg_workflow,1776227009.815597,1776227009.8389788,0.023381710052490234,301e7657-9f8f-4a87-82e9-66084acdbb1b,200,False
495,log_workflow,1776227007.7236829,1776227009.9385278,2.2148449420928955,2c0d5a0e-e40f-46c1-895d-92508ce7a598,200,False
494,log_workflow,1776227007.6711228,1776227010.1839972,2.5128743648529053,a458aa5e-49f4-48af-a659-39cc1574e8dd,200,False
498,tg_workflow,1776227011.001854,1776227011.2471933,0.24533939361572266,4fe4dbbd-ff4d-443a-80ec-52549a760511,200,False
499,etl_workflow,1776227012.193811,1776227013.2977567,1.1039457321166992,659589a3-b224-462e-b5e0-a8be7977a751,200,False
